{
"meta":{"test_sets":[],"test_metrics":[],"learn_metrics":[{"best_value":"Min","name":"RMSE"}],"launch_mode":"Train","parameters":"","iteration_count":600,"learn_sets":["learn"],"name":"experiment"},
"iterations":[
{"learn":[3926.865739],"iteration":0,"passed_time":0.01978315941,"remaining_time":11.85011249},
{"learn":[3818.131775],"iteration":1,"passed_time":0.0380371008,"remaining_time":11.37309314},
{"learn":[3712.191719],"iteration":2,"passed_time":0.05579929214,"remaining_time":11.10405914},
{"learn":[3611.330257],"iteration":3,"passed_time":0.07305709575,"remaining_time":10.88550727},
{"learn":[3513.751534],"iteration":4,"passed_time":0.08996976739,"remaining_time":10.70640232},
{"learn":[3416.81701],"iteration":5,"passed_time":0.106423106,"remaining_time":10.53588749},
{"learn":[3323.75135],"iteration":6,"passed_time":0.1230596165,"remaining_time":10.42490751},
{"learn":[3232.864947],"iteration":7,"passed_time":0.1389297975,"remaining_time":10.28080501},
{"learn":[3145.641931],"iteration":8,"passed_time":0.155092236,"remaining_time":10.18439016},
{"learn":[3060.884328],"iteration":9,"passed_time":0.1701953995,"remaining_time":10.04152857},
{"learn":[2977.766852],"iteration":10,"passed_time":0.1851603794,"remaining_time":9.91449668},
{"learn":[2897.953861],"iteration":11,"passed_time":0.1996569296,"remaining_time":9.78318955},
{"learn":[2820.615128],"iteration":12,"passed_time":0.2147669439,"remaining_time":9.697553545},
{"learn":[2744.777657],"iteration":13,"passed_time":0.2297695123,"remaining_time":9.617495302},
{"learn":[2672.828292],"iteration":14,"passed_time":0.2441580455,"remaining_time":9.522163776},
{"learn":[2603.03568],"iteration":15,"passed_time":0.2579994402,"remaining_time":9.416979567},
{"learn":[2535.231963],"iteration":16,"passed_time":0.2714828684,"remaining_time":9.310265427},
{"learn":[2468.156702],"iteration":17,"passed_time":0.2865706155,"remaining_time":9.265783235},
{"learn":[2403.204217],"iteration":18,"passed_time":0.3002415819,"remaining_time":9.181071531},
{"learn":[2340.689673],"iteration":19,"passed_time":0.3138276897,"remaining_time":9.101003002},
{"learn":[2280.297105],"iteration":20,"passed_time":0.3284560737,"remaining_time":9.056003175},
{"learn":[2221.622912],"iteration":21,"passed_time":0.3425722705,"remaining_time":9.000307835},
{"learn":[2164.984945],"iteration":22,"passed_time":0.3566356038,"remaining_time":8.946901887},
{"learn":[2110.106232],"iteration":23,"passed_time":0.3712451234,"remaining_time":8.909882963},
{"learn":[2058.151063],"iteration":24,"passed_time":0.3851968657,"remaining_time":8.85952791},
{"learn":[2006.668738],"iteration":25,"passed_time":0.3994748305,"remaining_time":8.819175104},
{"learn":[1956.826312],"iteration":26,"passed_time":0.4125278331,"remaining_time":8.754757348},
{"learn":[1908.526419],"iteration":27,"passed_time":0.427347564,"remaining_time":8.730100236},
{"learn":[1861.070914],"iteration":28,"passed_time":0.4412195902,"remaining_time":8.687461587},
{"learn":[1815.949644],"iteration":29,"passed_time":0.454992685,"remaining_time":8.644861015},
{"learn":[1772.55121],"iteration":30,"passed_time":0.4688247983,"remaining_time":8.605203555},
{"learn":[1729.663937],"iteration":31,"passed_time":0.4840559857,"remaining_time":8.591993747},
{"learn":[1688.539677],"iteration":32,"passed_time":0.4973019037,"remaining_time":8.544550892},
{"learn":[1649.801426],"iteration":33,"passed_time":0.511119713,"remaining_time":8.508639928},
{"learn":[1611.872528],"iteration":34,"passed_time":0.5253066454,"remaining_time":8.479950133},
{"learn":[1574.467814],"iteration":35,"passed_time":0.5386075768,"remaining_time":8.43818537},
{"learn":[1538.769671],"iteration":36,"passed_time":0.5522760777,"remaining_time":8.40355221},
{"learn":[1504.815628],"iteration":37,"passed_time":0.5664376105,"remaining_time":8.377314134},
{"learn":[1470.661217],"iteration":38,"passed_time":0.5799982391,"remaining_time":8.343051593},
{"learn":[1438.409289],"iteration":39,"passed_time":0.5940223704,"remaining_time":8.316313186},
{"learn":[1406.484385],"iteration":40,"passed_time":0.6083098679,"remaining_time":8.293785759},
{"learn":[1376.317176],"iteration":41,"passed_time":0.6223707053,"remaining_time":8.268639371},
{"learn":[1347.474109],"iteration":42,"passed_time":0.6357882195,"remaining_time":8.235675308},
{"learn":[1318.887118],"iteration":43,"passed_time":0.6503293392,"remaining_time":8.217798014},
{"learn":[1291.862922],"iteration":44,"passed_time":0.6643783837,"remaining_time":8.194000065},
{"learn":[1265.562417],"iteration":45,"passed_time":0.6792245615,"remaining_time":8.18022624},
{"learn":[1239.520769],"iteration":46,"passed_time":0.6924596195,"remaining_time":8.147450417},
{"learn":[1215.520172],"iteration":47,"passed_time":0.7066896123,"remaining_time":8.126930541},
{"learn":[1191.586226],"iteration":48,"passed_time":0.7207892604,"remaining_time":8.105201684},
{"learn":[1169.194023],"iteration":49,"passed_time":0.7346810829,"remaining_time":8.081491912},
{"learn":[1147.229826],"iteration":50,"passed_time":0.7481444342,"remaining_time":8.053554791},
{"learn":[1126.033651],"iteration":51,"passed_time":0.7617109866,"remaining_time":8.027261936},
{"learn":[1104.893235],"iteration":52,"passed_time":0.7756226053,"remaining_time":8.005010663},
{"learn":[1085.394499],"iteration":53,"passed_time":0.7894919553,"remaining_time":7.982640882},
{"learn":[1065.869275],"iteration":54,"passed_time":0.8037578019,"remaining_time":7.964509127},
{"learn":[1047.952675],"iteration":55,"passed_time":0.8176817995,"remaining_time":7.943194624},
{"learn":[1030.615006],"iteration":56,"passed_time":0.8314691279,"remaining_time":7.920837481},
{"learn":[1013.695306],"iteration":57,"passed_time":0.8449304644,"remaining_time":7.895729512},
{"learn":[997.2005657],"iteration":58,"passed_time":0.8583192915,"remaining_time":7.870351469},
{"learn":[981.6332191],"iteration":59,"passed_time":0.8729808324,"remaining_time":7.856827491},
{"learn":[966.3058852],"iteration":60,"passed_time":0.8870550013,"remaining_time":7.838076159},
{"learn":[951.8097037],"iteration":61,"passed_time":0.9005327161,"remaining_time":7.81430002},
{"learn":[937.5133405],"iteration":62,"passed_time":0.9138166982,"remaining_time":7.789199475},
{"learn":[923.977011],"iteration":63,"passed_time":0.927760422,"remaining_time":7.769993534},
{"learn":[910.6751548],"iteration":64,"passed_time":0.9419355164,"remaining_time":7.752853866},
{"learn":[898.294899],"iteration":65,"passed_time":0.956526613,"remaining_time":7.739169869},
{"learn":[886.7351266],"iteration":66,"passed_time":0.9702651272,"remaining_time":7.718676311},
{"learn":[875.5396964],"iteration":67,"passed_time":0.9838609183,"remaining_time":7.697264831},
{"learn":[864.6359861],"iteration":68,"passed_time":0.9987831684,"remaining_time":7.686287861},
{"learn":[853.7530969],"iteration":69,"passed_time":1.013328017,"remaining_time":7.672340699},
{"learn":[843.5422377],"iteration":70,"passed_time":1.027137838,"remaining_time":7.652900228},
{"learn":[833.9654361],"iteration":71,"passed_time":1.04138027,"remaining_time":7.636788643},
{"learn":[824.2497303],"iteration":72,"passed_time":1.055622571,"remaining_time":7.620727328},
{"learn":[815.1882239],"iteration":73,"passed_time":1.069530642,"remaining_time":7.602339425},
{"learn":[806.2075812],"iteration":74,"passed_time":1.083666043,"remaining_time":7.585662303},
{"learn":[797.7756176],"iteration":75,"passed_time":1.097950463,"remaining_time":7.570079507},
{"learn":[789.8663859],"iteration":76,"passed_time":1.112016302,"remaining_time":7.553045794},
{"learn":[782.3632144],"iteration":77,"passed_time":1.126826431,"remaining_time":7.54106919},
{"learn":[775.3121464],"iteration":78,"passed_time":1.141088589,"remaining_time":7.525407021},
{"learn":[768.0219518],"iteration":79,"passed_time":1.155569107,"remaining_time":7.511199194},
{"learn":[761.0824513],"iteration":80,"passed_time":1.169299497,"remaining_time":7.492178256},
{"learn":[754.757706],"iteration":81,"passed_time":1.182969797,"remaining_time":7.472906766},
{"learn":[748.6649617],"iteration":82,"passed_time":1.196828803,"remaining_time":7.454945675},
{"learn":[742.7218901],"iteration":83,"passed_time":1.211318743,"remaining_time":7.440957992},
{"learn":[737.037664],"iteration":84,"passed_time":1.225653801,"remaining_time":7.426020087},
{"learn":[731.4023549],"iteration":85,"passed_time":1.240753647,"remaining_time":7.415667143},
{"learn":[726.162891],"iteration":86,"passed_time":1.254213399,"remaining_time":7.395534183},
{"learn":[721.0964166],"iteration":87,"passed_time":1.267559477,"remaining_time":7.3748915},
{"learn":[716.3519756],"iteration":88,"passed_time":1.281715677,"remaining_time":7.359064167},
{"learn":[711.3679116],"iteration":89,"passed_time":1.295565491,"remaining_time":7.341537784},
{"learn":[706.8394367],"iteration":90,"passed_time":1.309568173,"remaining_time":7.324947252},
{"learn":[702.6716497],"iteration":91,"passed_time":1.323736511,"remaining_time":7.309327694},
{"learn":[698.3587843],"iteration":92,"passed_time":1.337976437,"remaining_time":7.29412961},
{"learn":[694.3007227],"iteration":93,"passed_time":1.351747588,"remaining_time":7.276428505},
{"learn":[690.6204937],"iteration":94,"passed_time":1.365857099,"remaining_time":7.26060879},
{"learn":[686.9835885],"iteration":95,"passed_time":1.379787993,"remaining_time":7.243886963},
{"learn":[683.3327236],"iteration":96,"passed_time":1.394174341,"remaining_time":7.229584469},
{"learn":[679.9304484],"iteration":97,"passed_time":1.40782939,"remaining_time":7.211534222},
{"learn":[676.6380176],"iteration":98,"passed_time":1.421549401,"remaining_time":7.193901514},
{"learn":[673.5929047],"iteration":99,"passed_time":1.434940043,"remaining_time":7.174700213},
{"learn":[670.5969187],"iteration":100,"passed_time":1.448510374,"remaining_time":7.156501748},
{"learn":[667.6689175],"iteration":101,"passed_time":1.463459246,"remaining_time":7.145124556},
{"learn":[664.8599757],"iteration":102,"passed_time":1.478326528,"remaining_time":7.133284315},
{"learn":[662.1642104],"iteration":103,"passed_time":1.492843843,"remaining_time":7.119716788},
{"learn":[659.6436244],"iteration":104,"passed_time":1.506684916,"remaining_time":7.102943178},
{"learn":[657.1428594],"iteration":105,"passed_time":1.520622125,"remaining_time":7.086672921},
{"learn":[654.6763549],"iteration":106,"passed_time":1.53507568,"remaining_time":7.07282533},
{"learn":[652.4220891],"iteration":107,"passed_time":1.547814403,"remaining_time":7.051154501},
{"learn":[650.2327675],"iteration":108,"passed_time":1.561969396,"remaining_time":7.036027277},
{"learn":[648.1555977],"iteration":109,"passed_time":1.575206107,"remaining_time":7.016827205},
{"learn":[646.1245457],"iteration":110,"passed_time":1.588316844,"remaining_time":6.997179612},
{"learn":[644.0738278],"iteration":111,"passed_time":1.602211684,"remaining_time":6.981065195},
{"learn":[642.1425029],"iteration":112,"passed_time":1.615895871,"remaining_time":6.964082205},
{"learn":[640.2502839],"iteration":113,"passed_time":1.630239449,"remaining_time":6.949968179},
{"learn":[638.4792089],"iteration":114,"passed_time":1.644271139,"remaining_time":6.934534803},
{"learn":[636.764718],"iteration":115,"passed_time":1.657975433,"remaining_time":6.917759566},
{"learn":[635.1146785],"iteration":116,"passed_time":1.671575494,"remaining_time":6.900606526},
{"learn":[633.4944931],"iteration":117,"passed_time":1.685506447,"remaining_time":6.884865319},
{"learn":[631.8511818],"iteration":118,"passed_time":1.698028198,"remaining_time":6.863458516},
{"learn":[630.3298132],"iteration":119,"passed_time":1.712498463,"remaining_time":6.849993851},
{"learn":[628.9881295],"iteration":120,"passed_time":1.725954467,"remaining_time":6.832497435},
{"learn":[627.6369898],"iteration":121,"passed_time":1.738841441,"remaining_time":6.812837778},
{"learn":[626.1800808],"iteration":122,"passed_time":1.752951043,"remaining_time":6.798029653},
{"learn":[624.9127363],"iteration":123,"passed_time":1.766604959,"remaining_time":6.781483553},
{"learn":[623.6828457],"iteration":124,"passed_time":1.780213996,"remaining_time":6.764813185},
{"learn":[622.5225114],"iteration":125,"passed_time":1.793603189,"remaining_time":6.747364377},
{"learn":[621.3437793],"iteration":126,"passed_time":1.80740886,"remaining_time":6.731530636},
{"learn":[620.2106183],"iteration":127,"passed_time":1.819996124,"remaining_time":6.711235708},
{"learn":[619.1181097],"iteration":128,"passed_time":1.83324302,"remaining_time":6.693468699},
{"learn":[617.9826804],"iteration":129,"passed_time":1.846866946,"remaining_time":6.677134343},
{"learn":[616.980199],"iteration":130,"passed_time":1.860276321,"remaining_time":6.660073241},
{"learn":[615.8976011],"iteration":131,"passed_time":1.874120121,"remaining_time":6.644607702},
{"learn":[614.8961407],"iteration":132,"passed_time":1.887920109,"remaining_time":6.629012715},
{"learn":[613.8904054],"iteration":133,"passed_time":1.900874662,"remaining_time":6.61050442},
{"learn":[613.0231779],"iteration":134,"passed_time":1.914150384,"remaining_time":6.593184657},
{"learn":[612.1711772],"iteration":135,"passed_time":1.927018414,"remaining_time":6.574533414},
{"learn":[611.270411],"iteration":136,"passed_time":1.940652555,"remaining_time":6.558555714},
{"learn":[610.4304362],"iteration":137,"passed_time":1.952543091,"remaining_time":6.536774695},
{"learn":[609.6234284],"iteration":138,"passed_time":1.964679321,"remaining_time":6.515950841},
{"learn":[608.9204727],"iteration":139,"passed_time":1.977063771,"remaining_time":6.496066675},
{"learn":[608.1926286],"iteration":140,"passed_time":1.991230947,"remaining_time":6.482092231},
{"learn":[607.472595],"iteration":141,"passed_time":2.005518935,"remaining_time":6.468504734},
{"learn":[606.7838592],"iteration":142,"passed_time":2.018475672,"remaining_time":6.450653022},
{"learn":[606.1155559],"iteration":143,"passed_time":2.031846207,"remaining_time":6.434179655},
{"learn":[605.4979344],"iteration":144,"passed_time":2.044029066,"remaining_time":6.414022241},
{"learn":[604.8529687],"iteration":145,"passed_time":2.058060284,"remaining_time":6.399721705},
{"learn":[604.2745711],"iteration":146,"passed_time":2.071643595,"remaining_time":6.384044549},
{"learn":[603.6462342],"iteration":147,"passed_time":2.083994437,"remaining_time":6.364631659},
{"learn":[603.0737316],"iteration":148,"passed_time":2.094775911,"remaining_time":6.340563329},
{"learn":[602.5435812],"iteration":149,"passed_time":2.109549224,"remaining_time":6.328647671},
{"learn":[601.9960954],"iteration":150,"passed_time":2.122916715,"remaining_time":6.312513942},
{"learn":[601.4702565],"iteration":151,"passed_time":2.136136203,"remaining_time":6.295980387},
{"learn":[600.9514621],"iteration":152,"passed_time":2.149330484,"remaining_time":6.279416513},
{"learn":[600.4084439],"iteration":153,"passed_time":2.161527527,"remaining_time":6.260008291},
{"learn":[599.8426892],"iteration":154,"passed_time":2.174456299,"remaining_time":6.24279389},
{"learn":[599.4033541],"iteration":155,"passed_time":2.188295579,"remaining_time":6.228225878},
{"learn":[598.9898468],"iteration":156,"passed_time":2.202781409,"remaining_time":6.215491492},
{"learn":[598.594591],"iteration":157,"passed_time":2.216731067,"remaining_time":6.201235011},
{"learn":[598.0931871],"iteration":158,"passed_time":2.230423835,"remaining_time":6.186269881},
{"learn":[597.7411605],"iteration":159,"passed_time":2.243480034,"remaining_time":6.169570094},
{"learn":[597.3653736],"iteration":160,"passed_time":2.257072216,"remaining_time":6.154377036},
{"learn":[597.0161844],"iteration":161,"passed_time":2.271124394,"remaining_time":6.140447434},
{"learn":[596.590808],"iteration":162,"passed_time":2.283131682,"remaining_time":6.121034019},
{"learn":[596.1237481],"iteration":163,"passed_time":2.295311574,"remaining_time":6.102169795},
{"learn":[595.736444],"iteration":164,"passed_time":2.308784338,"remaining_time":6.086795072},
{"learn":[595.3601599],"iteration":165,"passed_time":2.320568856,"remaining_time":6.067029418},
{"learn":[594.9905702],"iteration":166,"passed_time":2.335130313,"remaining_time":6.054559434},
{"learn":[594.5619154],"iteration":167,"passed_time":2.348867835,"remaining_time":6.03994586},
{"learn":[594.2835026],"iteration":168,"passed_time":2.361353752,"remaining_time":6.022150693},
{"learn":[594.02749],"iteration":169,"passed_time":2.375191608,"remaining_time":6.007837598},
{"learn":[593.6012468],"iteration":170,"passed_time":2.389594806,"remaining_time":5.994948372},
{"learn":[593.3208194],"iteration":171,"passed_time":2.403184026,"remaining_time":5.980016064},
{"learn":[592.992098],"iteration":172,"passed_time":2.41561511,"remaining_time":5.962240764},
{"learn":[592.6649339],"iteration":173,"passed_time":2.428109427,"remaining_time":5.944681701},
{"learn":[592.3436382],"iteration":174,"passed_time":2.441909616,"remaining_time":5.930351923},
{"learn":[591.9733598],"iteration":175,"passed_time":2.453902531,"remaining_time":5.911674278},
{"learn":[591.6600193],"iteration":176,"passed_time":2.46687517,"remaining_time":5.895413541},
{"learn":[591.4025753],"iteration":177,"passed_time":2.480938298,"remaining_time":5.881775066},
{"learn":[591.0834865],"iteration":178,"passed_time":2.493684864,"remaining_time":5.86503535},
{"learn":[590.7784468],"iteration":179,"passed_time":2.507136267,"remaining_time":5.849984624},
{"learn":[590.5622767],"iteration":180,"passed_time":2.519171973,"remaining_time":5.831674346},
{"learn":[590.2366754],"iteration":181,"passed_time":2.53043816,"remaining_time":5.811665663},
{"learn":[589.9804989],"iteration":182,"passed_time":2.546161271,"remaining_time":5.80190847},
{"learn":[589.7410259],"iteration":183,"passed_time":2.55961912,"remaining_time":5.786964967},
{"learn":[589.4438171],"iteration":184,"passed_time":2.57430168,"remaining_time":5.774784849},
{"learn":[589.2295065],"iteration":185,"passed_time":2.588026432,"remaining_time":5.76044593},
{"learn":[589.0164817],"iteration":186,"passed_time":2.60118856,"remaining_time":5.74487099},
{"learn":[588.7596943],"iteration":187,"passed_time":2.613927508,"remaining_time":5.728394326},
{"learn":[588.5638134],"iteration":188,"passed_time":2.627155439,"remaining_time":5.713020558},
{"learn":[588.2741857],"iteration":189,"passed_time":2.639461827,"remaining_time":5.695680784},
{"learn":[588.079112],"iteration":190,"passed_time":2.652608197,"remaining_time":5.680192423},
{"learn":[587.9020772],"iteration":191,"passed_time":2.665218756,"remaining_time":5.663589856},
{"learn":[587.6941105],"iteration":192,"passed_time":2.677146248,"remaining_time":5.645588202},
{"learn":[587.5002163],"iteration":193,"passed_time":2.690094716,"remaining_time":5.629785848},
{"learn":[587.3379102],"iteration":194,"passed_time":2.702924707,"remaining_time":5.6137667},
{"learn":[587.1802156],"iteration":195,"passed_time":2.717336094,"remaining_time":5.601039704},
{"learn":[586.9115638],"iteration":196,"passed_time":2.732159062,"remaining_time":5.589137574},
{"learn":[586.664269],"iteration":197,"passed_time":2.744140991,"remaining_time":5.571437771},
{"learn":[586.4398872],"iteration":198,"passed_time":2.758324666,"remaining_time":5.558232116},
{"learn":[586.186529],"iteration":199,"passed_time":2.771762147,"remaining_time":5.543524294},
{"learn":[585.8840401],"iteration":200,"passed_time":2.782545104,"remaining_time":5.523559685},
{"learn":[585.721578],"iteration":201,"passed_time":2.796086669,"remaining_time":5.509121258},
{"learn":[585.5280181],"iteration":202,"passed_time":2.80897638,"remaining_time":5.49341686},
{"learn":[585.3565935],"iteration":203,"passed_time":2.822506176,"remaining_time":5.478982577},
{"learn":[585.1908089],"iteration":204,"passed_time":2.835709911,"remaining_time":5.463928852},
{"learn":[584.9810262],"iteration":205,"passed_time":2.847274044,"remaining_time":5.445757152},
{"learn":[584.8394245],"iteration":206,"passed_time":2.860677285,"remaining_time":5.431140931},
{"learn":[584.7188314],"iteration":207,"passed_time":2.874255765,"remaining_time":5.416866634},
{"learn":[584.5579156],"iteration":208,"passed_time":2.887091519,"remaining_time":5.401209493},
{"learn":[584.338334],"iteration":209,"passed_time":2.899351954,"remaining_time":5.384510772},
{"learn":[584.1700472],"iteration":210,"passed_time":2.912424538,"remaining_time":5.369351399},
{"learn":[583.9841219],"iteration":211,"passed_time":2.925653271,"remaining_time":5.354497496},
{"learn":[583.7922328],"iteration":212,"passed_time":2.938342273,"remaining_time":5.338678214},
{"learn":[583.6044238],"iteration":213,"passed_time":2.950823148,"remaining_time":5.322512781},
{"learn":[583.4625642],"iteration":214,"passed_time":2.964624228,"remaining_time":5.308745711},
{"learn":[583.2995184],"iteration":215,"passed_time":2.977674474,"remaining_time":5.29364351},
{"learn":[583.1230627],"iteration":216,"passed_time":2.988952889,"remaining_time":5.27543298},
{"learn":[582.936876],"iteration":217,"passed_time":3.001796012,"remaining_time":5.260027874},
{"learn":[582.8297631],"iteration":218,"passed_time":3.015270062,"remaining_time":5.245743807},
{"learn":[582.6936567],"iteration":219,"passed_time":3.026795791,"remaining_time":5.228101821},
{"learn":[582.5812402],"iteration":220,"passed_time":3.040359327,"remaining_time":5.214009886},
{"learn":[582.4406167],"iteration":221,"passed_time":3.052658878,"remaining_time":5.197770522},
{"learn":[582.303278],"iteration":222,"passed_time":3.06477875,"remaining_time":5.18126273},
{"learn":[582.1765488],"iteration":223,"passed_time":3.077678479,"remaining_time":5.166103162},
{"learn":[582.0029181],"iteration":224,"passed_time":3.089897277,"remaining_time":5.149828795},
{"learn":[581.8136917],"iteration":225,"passed_time":3.102469416,"remaining_time":5.134175051},
{"learn":[581.7124616],"iteration":226,"passed_time":3.117826412,"remaining_time":5.123124457},
{"learn":[581.6111722],"iteration":227,"passed_time":3.131818589,"remaining_time":5.109809277},
{"learn":[581.5184904],"iteration":228,"passed_time":3.144419345,"remaining_time":5.09423396},
{"learn":[581.3842171],"iteration":229,"passed_time":3.156942193,"remaining_time":5.078559181},
{"learn":[581.2740322],"iteration":230,"passed_time":3.169217343,"remaining_time":5.062516015},
{"learn":[581.1032555],"iteration":231,"passed_time":3.183225597,"remaining_time":5.049254396},
{"learn":[580.9097062],"iteration":232,"passed_time":3.195361126,"remaining_time":5.033036623},
{"learn":[580.8201926],"iteration":233,"passed_time":3.209182804,"remaining_time":5.019491053},
{"learn":[580.6767798],"iteration":234,"passed_time":3.22206608,"remaining_time":5.004485614},
{"learn":[580.5945411],"iteration":235,"passed_time":3.235272501,"remaining_time":4.989996569},
{"learn":[580.4468825],"iteration":236,"passed_time":3.246396937,"remaining_time":4.972329485},
{"learn":[580.3528762],"iteration":237,"passed_time":3.260484326,"remaining_time":4.959224059},
{"learn":[580.2265771],"iteration":238,"passed_time":3.274225857,"remaining_time":4.945588011},
{"learn":[580.0903543],"iteration":239,"passed_time":3.28545146,"remaining_time":4.928177189},
{"learn":[579.9378662],"iteration":240,"passed_time":3.29782733,"remaining_time":4.912531167},
{"learn":[579.8531059],"iteration":241,"passed_time":3.311205823,"remaining_time":4.89839539},
{"learn":[579.7271549],"iteration":242,"passed_time":3.324570313,"remaining_time":4.884245274},
{"learn":[579.6161356],"iteration":243,"passed_time":3.338670683,"remaining_time":4.871175258},
{"learn":[579.5356701],"iteration":244,"passed_time":3.351960639,"remaining_time":4.856922558},
{"learn":[579.4485412],"iteration":245,"passed_time":3.365298286,"remaining_time":4.842746314},
{"learn":[579.3110937],"iteration":246,"passed_time":3.377949911,"remaining_time":4.827596431},
{"learn":[579.2135645],"iteration":247,"passed_time":3.392128222,"remaining_time":4.814633606},
{"learn":[579.1389543],"iteration":248,"passed_time":3.403559104,"remaining_time":4.797788135},
{"learn":[579.0661657],"iteration":249,"passed_time":3.417332199,"remaining_time":4.784265079},
{"learn":[578.9989255],"iteration":250,"passed_time":3.429564103,"remaining_time":4.768597099},
{"learn":[578.8574596],"iteration":251,"passed_time":3.443873882,"remaining_time":4.755825837},
{"learn":[578.7590799],"iteration":252,"passed_time":3.455740432,"remaining_time":4.739691422},
{"learn":[578.6919194],"iteration":253,"passed_time":3.468365665,"remaining_time":4.724624094},
{"learn":[578.6203367],"iteration":254,"passed_time":3.482114012,"remaining_time":4.711095428},
{"learn":[578.5246496],"iteration":255,"passed_time":3.493254485,"remaining_time":4.694060714},
{"learn":[578.4612311],"iteration":256,"passed_time":3.507179696,"remaining_time":4.680788465},
{"learn":[578.3939968],"iteration":257,"passed_time":3.521693291,"remaining_time":4.668291106},
{"learn":[578.3092024],"iteration":258,"passed_time":3.534752418,"remaining_time":4.653863222},
{"learn":[578.2227839],"iteration":259,"passed_time":3.547837535,"remaining_time":4.639479853},
{"learn":[578.0785972],"iteration":260,"passed_time":3.561492915,"remaining_time":4.625847119},
{"learn":[577.9845808],"iteration":261,"passed_time":3.574539282,"remaining_time":4.611428539},
{"learn":[577.9024264],"iteration":262,"passed_time":3.588078069,"remaining_time":4.597651366},
{"learn":[577.7789731],"iteration":263,"passed_time":3.600839801,"remaining_time":4.58288702},
{"learn":[577.7160315],"iteration":264,"passed_time":3.613650507,"remaining_time":4.568199698},
{"learn":[577.5591792],"iteration":265,"passed_time":3.626748835,"remaining_time":4.553887635},
{"learn":[577.5013765],"iteration":266,"passed_time":3.640678577,"remaining_time":4.540621595},
{"learn":[577.4424542],"iteration":267,"passed_time":3.654405363,"remaining_time":4.527099182},
{"learn":[577.3413212],"iteration":268,"passed_time":3.669207734,"remaining_time":4.514898735},
{"learn":[577.2142324],"iteration":269,"passed_time":3.681711002,"remaining_time":4.499869002},
{"learn":[577.1422436],"iteration":270,"passed_time":3.693067559,"remaining_time":4.483465783},
{"learn":[577.0770799],"iteration":271,"passed_time":3.706724694,"remaining_time":4.469873895},
{"learn":[577.0172417],"iteration":272,"passed_time":3.720948682,"remaining_time":4.45696051},
{"learn":[576.9663108],"iteration":273,"passed_time":3.734964204,"remaining_time":4.443789527},
{"learn":[576.8788962],"iteration":274,"passed_time":3.748353933,"remaining_time":4.42987283},
{"learn":[576.7760375],"iteration":275,"passed_time":3.761867371,"remaining_time":4.416105175},
{"learn":[576.7166433],"iteration":276,"passed_time":3.776058954,"remaining_time":4.403130116},
{"learn":[576.6424071],"iteration":277,"passed_time":3.790287684,"remaining_time":4.390189332},
{"learn":[576.5652423],"iteration":278,"passed_time":3.803588215,"remaining_time":4.376171387},
{"learn":[576.4208982],"iteration":279,"passed_time":3.815998706,"remaining_time":4.361141378},
{"learn":[576.3454388],"iteration":280,"passed_time":3.828858577,"remaining_time":4.346640164},
{"learn":[576.2525568],"iteration":281,"passed_time":3.84313163,"remaining_time":4.333744179},
{"learn":[576.153485],"iteration":282,"passed_time":3.855037141,"remaining_time":4.31818648},
{"learn":[576.0821735],"iteration":283,"passed_time":3.867590676,"remaining_time":4.303375541},
{"learn":[575.9638308],"iteration":284,"passed_time":3.881450163,"remaining_time":4.290023865},
{"learn":[575.876413],"iteration":285,"passed_time":3.893831937,"remaining_time":4.275046252},
{"learn":[575.8266037],"iteration":286,"passed_time":3.905709934,"remaining_time":4.259537314},
{"learn":[575.6805247],"iteration":287,"passed_time":3.917989238,"remaining_time":4.244488341},
{"learn":[575.5933775],"iteration":288,"passed_time":3.930938738,"remaining_time":4.230179749},
{"learn":[575.5201653],"iteration":289,"passed_time":3.944180552,"remaining_time":4.216193004},
{"learn":[575.4329171],"iteration":290,"passed_time":3.9577838,"remaining_time":4.202595169},
{"learn":[575.3699918],"iteration":291,"passed_time":3.970759181,"remaining_time":4.188335027},
{"learn":[575.300783],"iteration":292,"passed_time":3.984116324,"remaining_time":4.174483657},
{"learn":[575.2473483],"iteration":293,"passed_time":3.997005594,"remaining_time":4.160148679},
{"learn":[575.1621226],"iteration":294,"passed_time":4.009963659,"remaining_time":4.14589463},
{"learn":[575.077691],"iteration":295,"passed_time":4.022607781,"remaining_time":4.13132691},
{"learn":[575.0082244],"iteration":296,"passed_time":4.034464919,"remaining_time":4.115969261},
{"learn":[574.9262486],"iteration":297,"passed_time":4.047590421,"remaining_time":4.101920494},
{"learn":[574.8842534],"iteration":298,"passed_time":4.059547201,"remaining_time":4.086701363},
{"learn":[574.8312541],"iteration":299,"passed_time":4.074441456,"remaining_time":4.074441456},
{"learn":[574.7548675],"iteration":300,"passed_time":4.085656604,"remaining_time":4.058509384},
{"learn":[574.6921238],"iteration":301,"passed_time":4.099724388,"remaining_time":4.045423402},
{"learn":[574.6371378],"iteration":302,"passed_time":4.113715121,"remaining_time":4.032255416},
{"learn":[574.5227242],"iteration":303,"passed_time":4.125732955,"remaining_time":4.017161035},
{"learn":[574.4681952],"iteration":304,"passed_time":4.139349524,"remaining_time":4.003633146},
{"learn":[574.4255264],"iteration":305,"passed_time":4.151857864,"remaining_time":3.989039908},
{"learn":[574.3651781],"iteration":306,"passed_time":4.165850782,"remaining_time":3.975877131},
{"learn":[574.3187671],"iteration":307,"passed_time":4.179262683,"remaining_time":3.962158128},
{"learn":[574.2646465],"iteration":308,"passed_time":4.192876937,"remaining_time":3.948631678},
{"learn":[574.1933005],"iteration":309,"passed_time":4.206938662,"remaining_time":3.935523264},
{"learn":[574.1130095],"iteration":310,"passed_time":4.220742794,"remaining_time":3.922169349},
{"learn":[574.0525528],"iteration":311,"passed_time":4.233377309,"remaining_time":3.9077329},
{"learn":[574.0001546],"iteration":312,"passed_time":4.245856009,"remaining_time":3.893165095},
{"learn":[573.9782483],"iteration":313,"passed_time":4.261062443,"remaining_time":3.881095092},
{"learn":[573.9437089],"iteration":314,"passed_time":4.273973489,"remaining_time":3.866928395},
{"learn":[573.9114988],"iteration":315,"passed_time":4.28617194,"remaining_time":3.852129212},
{"learn":[573.8584864],"iteration":316,"passed_time":4.300827537,"remaining_time":3.839540041},
{"learn":[573.8308492],"iteration":317,"passed_time":4.31341421,"remaining_time":3.825103167},
{"learn":[573.776721],"iteration":318,"passed_time":4.325851904,"remaining_time":3.810546662},
{"learn":[573.6802956],"iteration":319,"passed_time":4.339190824,"remaining_time":3.796791971},
{"learn":[573.6247043],"iteration":320,"passed_time":4.352000418,"remaining_time":3.782579803},
{"learn":[573.5689801],"iteration":321,"passed_time":4.366077924,"remaining_time":3.769471003},
{"learn":[573.5364514],"iteration":322,"passed_time":4.381669559,"remaining_time":3.757654699},
{"learn":[573.4951801],"iteration":323,"passed_time":4.394303141,"remaining_time":3.743295268},
{"learn":[573.4192741],"iteration":324,"passed_time":4.406182842,"remaining_time":3.728308558},
{"learn":[573.3666964],"iteration":325,"passed_time":4.419444812,"remaining_time":3.714502695},
{"learn":[573.2742776],"iteration":326,"passed_time":4.432796864,"remaining_time":3.700775363},
{"learn":[573.2214046],"iteration":327,"passed_time":4.446247976,"remaining_time":3.687132468},
{"learn":[573.1078031],"iteration":328,"passed_time":4.458042433,"remaining_time":3.672126138},
{"learn":[573.0661967],"iteration":329,"passed_time":4.470743939,"remaining_time":3.657881404},
{"learn":[572.9884065],"iteration":330,"passed_time":4.483233113,"remaining_time":3.643473437},
{"learn":[572.9161744],"iteration":331,"passed_time":4.496409364,"remaining_time":3.629631655},
{"learn":[572.8816],"iteration":332,"passed_time":4.510228978,"remaining_time":3.616309721},
{"learn":[572.830777],"iteration":333,"passed_time":4.522589923,"remaining_time":3.601823112},
{"learn":[572.760817],"iteration":334,"passed_time":4.5364198,"remaining_time":3.588511185},
{"learn":[572.6939099],"iteration":335,"passed_time":4.548845507,"remaining_time":3.574092898},
{"learn":[572.6423037],"iteration":336,"passed_time":4.560961941,"remaining_time":3.559445075},
{"learn":[572.57272],"iteration":337,"passed_time":4.57546425,"remaining_time":3.546661637},
{"learn":[572.5417411],"iteration":338,"passed_time":4.590099259,"remaining_time":3.533970226},
{"learn":[572.4949544],"iteration":339,"passed_time":4.603414755,"remaining_time":3.520258342},
{"learn":[572.4039812],"iteration":340,"passed_time":4.616378198,"remaining_time":3.506281388},
{"learn":[572.3612631],"iteration":341,"passed_time":4.630077911,"remaining_time":3.492865793},
{"learn":[572.2869956],"iteration":342,"passed_time":4.642274613,"remaining_time":3.478322377},
{"learn":[572.1989111],"iteration":343,"passed_time":4.655041145,"remaining_time":3.464216666},
{"learn":[572.1064925],"iteration":344,"passed_time":4.66814637,"remaining_time":3.450369056},
{"learn":[572.002291],"iteration":345,"passed_time":4.681917711,"remaining_time":3.437014736},
{"learn":[571.9500922],"iteration":346,"passed_time":4.69372823,"remaining_time":3.422228363},
{"learn":[571.8985117],"iteration":347,"passed_time":4.707104147,"remaining_time":3.408592658},
{"learn":[571.8218719],"iteration":348,"passed_time":4.72013601,"remaining_time":3.394710998},
{"learn":[571.7795797],"iteration":349,"passed_time":4.734747955,"remaining_time":3.381962825},
{"learn":[571.6837999],"iteration":350,"passed_time":4.747254701,"remaining_time":3.3677106},
{"learn":[571.66521],"iteration":351,"passed_time":4.762174475,"remaining_time":3.35516838},
{"learn":[571.6062485],"iteration":352,"passed_time":4.777366376,"remaining_time":3.342803102},
{"learn":[571.556525],"iteration":353,"passed_time":4.790502172,"remaining_time":3.328993035},
{"learn":[571.5079824],"iteration":354,"passed_time":4.802565872,"remaining_time":3.31444687},
{"learn":[571.4664231],"iteration":355,"passed_time":4.815557,"remaining_time":3.300550304},
{"learn":[571.4214677],"iteration":356,"passed_time":4.827975965,"remaining_time":3.286269355},
{"learn":[571.376792],"iteration":357,"passed_time":4.84085238,"remaining_time":3.272308034},
{"learn":[571.2987923],"iteration":358,"passed_time":4.853196045,"remaining_time":3.257995117},
{"learn":[571.2371319],"iteration":359,"passed_time":4.867635297,"remaining_time":3.245090198},
{"learn":[571.2045495],"iteration":360,"passed_time":4.88148039,"remaining_time":3.231783416},
{"learn":[571.1523202],"iteration":361,"passed_time":4.894329576,"remaining_time":3.217818892},
{"learn":[571.1199442],"iteration":362,"passed_time":4.908051432,"remaining_time":3.204430274},
{"learn":[571.0474103],"iteration":363,"passed_time":4.920448962,"remaining_time":3.190181195},
{"learn":[570.9752323],"iteration":364,"passed_time":4.932978992,"remaining_time":3.17602757},
{"learn":[570.9165993],"iteration":365,"passed_time":4.946698913,"remaining_time":3.162643567},
{"learn":[570.876399],"iteration":366,"passed_time":4.959668671,"remaining_time":3.148781472},
{"learn":[570.8231682],"iteration":367,"passed_time":4.972523861,"remaining_time":3.134851999},
{"learn":[570.770194],"iteration":368,"passed_time":4.986211431,"remaining_time":3.121449432},
{"learn":[570.7230722],"iteration":369,"passed_time":5.000349845,"remaining_time":3.108325579},
{"learn":[570.646081],"iteration":370,"passed_time":5.01370774,"remaining_time":3.094714481},
{"learn":[570.6079228],"iteration":371,"passed_time":5.026909319,"remaining_time":3.081008938},
{"learn":[570.5315011],"iteration":372,"passed_time":5.038526487,"remaining_time":3.066341856},
{"learn":[570.4622341],"iteration":373,"passed_time":5.051653131,"remaining_time":3.052603229},
{"learn":[570.4331028],"iteration":374,"passed_time":5.065322714,"remaining_time":3.039193628},
{"learn":[570.3365737],"iteration":375,"passed_time":5.078606426,"remaining_time":3.025552764},
{"learn":[570.278339],"iteration":376,"passed_time":5.090533266,"remaining_time":3.011111189},
{"learn":[570.223908],"iteration":377,"passed_time":5.104626409,"remaining_time":2.997955193},
{"learn":[570.1703885],"iteration":378,"passed_time":5.117689355,"remaining_time":2.984193529},
{"learn":[570.0922508],"iteration":379,"passed_time":5.132013047,"remaining_time":2.971165448},
{"learn":[570.024621],"iteration":380,"passed_time":5.143920803,"remaining_time":2.956741879},
{"learn":[569.9861846],"iteration":381,"passed_time":5.157641695,"remaining_time":2.943366203},
{"learn":[569.9538801],"iteration":382,"passed_time":5.17010059,"remaining_time":2.929273702},
{"learn":[569.9080682],"iteration":383,"passed_time":5.182585064,"remaining_time":2.915204098},
{"learn":[569.8635858],"iteration":384,"passed_time":5.195692754,"remaining_time":2.901490759},
{"learn":[569.8220343],"iteration":385,"passed_time":5.210211967,"remaining_time":2.888563111},
{"learn":[569.768904],"iteration":386,"passed_time":5.222040944,"remaining_time":2.874146566},
{"learn":[569.7382136],"iteration":387,"passed_time":5.233764069,"remaining_time":2.859685522},
{"learn":[569.7035405],"iteration":388,"passed_time":5.246303952,"remaining_time":2.845681578},
{"learn":[569.6582462],"iteration":389,"passed_time":5.260367867,"remaining_time":2.832505775},
{"learn":[569.6284347],"iteration":390,"passed_time":5.274659473,"remaining_time":2.819447135},
{"learn":[569.5769122],"iteration":391,"passed_time":5.286271088,"remaining_time":2.804960169},
{"learn":[569.5289531],"iteration":392,"passed_time":5.300576026,"remaining_time":2.791906456},
{"learn":[569.4649449],"iteration":393,"passed_time":5.315057857,"remaining_time":2.778938879},
{"learn":[569.4109043],"iteration":394,"passed_time":5.328426887,"remaining_time":2.765386106},
{"learn":[569.3692287],"iteration":395,"passed_time":5.340485426,"remaining_time":2.751159159},
{"learn":[569.3380734],"iteration":396,"passed_time":5.352271222,"remaining_time":2.736803673},
{"learn":[569.2773369],"iteration":397,"passed_time":5.367020724,"remaining_time":2.723965292},
{"learn":[569.2258476],"iteration":398,"passed_time":5.381154743,"remaining_time":2.710807276},
{"learn":[569.1755994],"iteration":399,"passed_time":5.393428484,"remaining_time":2.696714242},
{"learn":[569.1078073],"iteration":400,"passed_time":5.405451038,"remaining_time":2.682505627},
{"learn":[569.0264537],"iteration":401,"passed_time":5.417582246,"remaining_time":2.668361405},
{"learn":[568.9741377],"iteration":402,"passed_time":5.430999921,"remaining_time":2.654856041},
{"learn":[568.894037],"iteration":403,"passed_time":5.443590102,"remaining_time":2.640949653},
{"learn":[568.8316394],"iteration":404,"passed_time":5.456495219,"remaining_time":2.627201402},
{"learn":[568.7894014],"iteration":405,"passed_time":5.468317058,"remaining_time":2.612939678},
{"learn":[568.7264062],"iteration":406,"passed_time":5.482772503,"remaining_time":2.599938804},
{"learn":[568.7099327],"iteration":407,"passed_time":5.496992623,"remaining_time":2.586820058},
{"learn":[568.6755813],"iteration":408,"passed_time":5.511452834,"remaining_time":2.573808047},
{"learn":[568.6178766],"iteration":409,"passed_time":5.525881366,"remaining_time":2.560774291},
{"learn":[568.5844539],"iteration":410,"passed_time":5.54197578,"remaining_time":2.548499811},
{"learn":[568.5193953],"iteration":411,"passed_time":5.557839681,"remaining_time":2.536101602},
{"learn":[568.4579113],"iteration":412,"passed_time":5.572965708,"remaining_time":2.523352512},
{"learn":[568.427407],"iteration":413,"passed_time":5.58688755,"remaining_time":2.510050928},
{"learn":[568.3839356],"iteration":414,"passed_time":5.603528005,"remaining_time":2.497958267},
{"learn":[568.3104634],"iteration":415,"passed_time":5.617189199,"remaining_time":2.484525992},
{"learn":[568.2878749],"iteration":416,"passed_time":5.632423499,"remaining_time":2.471782974},
{"learn":[568.2258744],"iteration":417,"passed_time":5.646490671,"remaining_time":2.458519862},
{"learn":[568.1787799],"iteration":418,"passed_time":5.660242596,"remaining_time":2.44511673},
{"learn":[568.1475762],"iteration":419,"passed_time":5.675901132,"remaining_time":2.432529057},
{"learn":[568.0813801],"iteration":420,"passed_time":5.690689876,"remaining_time":2.419556978},
{"learn":[568.0412621],"iteration":421,"passed_time":5.706224928,"remaining_time":2.406891083},
{"learn":[567.9870494],"iteration":422,"passed_time":5.72075403,"remaining_time":2.393790693},
{"learn":[567.9192602],"iteration":423,"passed_time":5.734099696,"remaining_time":2.380192327},
{"learn":[567.8684065],"iteration":424,"passed_time":5.748863767,"remaining_time":2.367179198},
{"learn":[567.8404263],"iteration":425,"passed_time":5.761340433,"remaining_time":2.353223557},
{"learn":[567.8035154],"iteration":426,"passed_time":5.776961235,"remaining_time":2.340548697},
{"learn":[567.7699647],"iteration":427,"passed_time":5.790985638,"remaining_time":2.327218527},
{"learn":[567.741075],"iteration":428,"passed_time":5.806085142,"remaining_time":2.314313658},
{"learn":[567.6838762],"iteration":429,"passed_time":5.820252428,"remaining_time":2.30103003},
{"learn":[567.6666341],"iteration":430,"passed_time":5.834994127,"remaining_time":2.287967535},
{"learn":[567.6399571],"iteration":431,"passed_time":5.849976568,"remaining_time":2.274990887},
{"learn":[567.5941727],"iteration":432,"passed_time":5.864764625,"remaining_time":2.261930005},
{"learn":[567.5539284],"iteration":433,"passed_time":5.879830441,"remaining_time":2.248967404},
{"learn":[567.5014543],"iteration":434,"passed_time":5.894614368,"remaining_time":2.235888209},
{"learn":[567.4688196],"iteration":435,"passed_time":5.909475505,"remaining_time":2.222830236},
{"learn":[567.4256756],"iteration":436,"passed_time":5.924840761,"remaining_time":2.209952046},
{"learn":[567.3774117],"iteration":437,"passed_time":5.938412747,"remaining_time":2.196399235},
{"learn":[567.3305259],"iteration":438,"passed_time":5.952892332,"remaining_time":2.183179192},
{"learn":[567.2906072],"iteration":439,"passed_time":5.966683961,"remaining_time":2.169703258},
{"learn":[567.2360638],"iteration":440,"passed_time":5.980741259,"remaining_time":2.156321679},
{"learn":[567.2059898],"iteration":441,"passed_time":5.994218032,"remaining_time":2.142729523},
{"learn":[567.1737741],"iteration":442,"passed_time":6.008473805,"remaining_time":2.129413967},
{"learn":[567.0946173],"iteration":443,"passed_time":6.021808887,"remaining_time":2.11577069},
{"learn":[567.0422649],"iteration":444,"passed_time":6.036211322,"remaining_time":2.102500573},
{"learn":[566.9995972],"iteration":445,"passed_time":6.050401627,"remaining_time":2.089152131},
{"learn":[566.9750377],"iteration":446,"passed_time":6.064310976,"remaining_time":2.075703757},
{"learn":[566.9584891],"iteration":447,"passed_time":6.07854589,"remaining_time":2.062363784},
{"learn":[566.9163198],"iteration":448,"passed_time":6.092651206,"remaining_time":2.048976241},
{"learn":[566.886704],"iteration":449,"passed_time":6.108208225,"remaining_time":2.036069408},
{"learn":[566.8515326],"iteration":450,"passed_time":6.121901815,"remaining_time":2.022535189},
{"learn":[566.7909841],"iteration":451,"passed_time":6.136417495,"remaining_time":2.009269445},
{"learn":[566.7115226],"iteration":452,"passed_time":6.150493838,"remaining_time":1.995855616},
{"learn":[566.6614217],"iteration":453,"passed_time":6.164631666,"remaining_time":1.982458642},
{"learn":[566.6383061],"iteration":454,"passed_time":6.179197854,"remaining_time":1.969194921},
{"learn":[566.6038584],"iteration":455,"passed_time":6.194098223,"remaining_time":1.956031018},
{"learn":[566.5715151],"iteration":456,"passed_time":6.208449089,"remaining_time":1.942687571},
{"learn":[566.5278203],"iteration":457,"passed_time":6.222309428,"remaining_time":1.929187639},
{"learn":[566.4996669],"iteration":458,"passed_time":6.237637837,"remaining_time":1.916137113},
{"learn":[566.4581723],"iteration":459,"passed_time":6.251685584,"remaining_time":1.902686917},
{"learn":[566.4212944],"iteration":460,"passed_time":6.26573314,"remaining_time":1.889234071},
{"learn":[566.3928482],"iteration":461,"passed_time":6.280784924,"remaining_time":1.876078614},
{"learn":[566.3590476],"iteration":462,"passed_time":6.296400885,"remaining_time":1.863081903},
{"learn":[566.3273775],"iteration":463,"passed_time":6.312175127,"remaining_time":1.850120296},
{"learn":[566.2887004],"iteration":464,"passed_time":6.326355984,"remaining_time":1.836683995},
{"learn":[566.2552133],"iteration":465,"passed_time":6.34041602,"remaining_time":1.823209757},
{"learn":[566.2114443],"iteration":466,"passed_time":6.356241571,"remaining_time":1.810235822},
{"learn":[566.152087],"iteration":467,"passed_time":6.373933423,"remaining_time":1.797776094},
{"learn":[566.1141502],"iteration":468,"passed_time":6.386991889,"remaining_time":1.783999867},
{"learn":[566.0924743],"iteration":469,"passed_time":6.403065089,"remaining_time":1.771060556},
{"learn":[566.0408887],"iteration":470,"passed_time":6.417602961,"remaining_time":1.757687435},
{"learn":[566.0059672],"iteration":471,"passed_time":6.43248815,"remaining_time":1.744403566},
{"learn":[565.978587],"iteration":472,"passed_time":6.448064338,"remaining_time":1.731298459},
{"learn":[565.9440841],"iteration":473,"passed_time":6.46387527,"remaining_time":1.718245325},
{"learn":[565.9199138],"iteration":474,"passed_time":6.477550036,"remaining_time":1.70461843},
{"learn":[565.8822329],"iteration":475,"passed_time":6.492575076,"remaining_time":1.691343087},
{"learn":[565.8114388],"iteration":476,"passed_time":6.506319073,"remaining_time":1.677730076},
{"learn":[565.7799823],"iteration":477,"passed_time":6.52146658,"remaining_time":1.664474734},
{"learn":[565.7541181],"iteration":478,"passed_time":6.533703255,"remaining_time":1.650476188},
{"learn":[565.7138871],"iteration":479,"passed_time":6.547268495,"remaining_time":1.636817124},
{"learn":[565.6780965],"iteration":480,"passed_time":6.562319786,"remaining_time":1.623526101},
{"learn":[565.6317661],"iteration":481,"passed_time":6.577338021,"remaining_time":1.610219681},
{"learn":[565.5766652],"iteration":482,"passed_time":6.593598278,"remaining_time":1.597207036},
{"learn":[565.5386816],"iteration":483,"passed_time":6.608082414,"remaining_time":1.583755289},
{"learn":[565.4743577],"iteration":484,"passed_time":6.623389915,"remaining_time":1.570494516},
{"learn":[565.4388359],"iteration":485,"passed_time":6.638340401,"remaining_time":1.557141576},
{"learn":[565.3900775],"iteration":486,"passed_time":6.652497975,"remaining_time":1.543598093},
{"learn":[565.3777886],"iteration":487,"passed_time":6.6669856,"remaining_time":1.530127843},
{"learn":[565.3658965],"iteration":488,"passed_time":6.681204166,"remaining_time":1.516592357},
{"learn":[565.3319867],"iteration":489,"passed_time":6.703062946,"remaining_time":1.504769233},
{"learn":[565.274652],"iteration":490,"passed_time":6.717850541,"remaining_time":1.491335456},
{"learn":[565.2299391],"iteration":491,"passed_time":6.732615634,"remaining_time":1.477891237},
{"learn":[565.2068964],"iteration":492,"passed_time":6.74526318,"remaining_time":1.463982069},
{"learn":[565.1809599],"iteration":493,"passed_time":6.760414174,"remaining_time":1.450615187},
{"learn":[565.1420042],"iteration":494,"passed_time":6.774537688,"remaining_time":1.437023146},
{"learn":[565.1038167],"iteration":495,"passed_time":6.789698707,"remaining_time":1.423646503},
{"learn":[565.0636404],"iteration":496,"passed_time":6.804580568,"remaining_time":1.410204826},
{"learn":[565.0522084],"iteration":497,"passed_time":6.819589466,"remaining_time":1.396783385},
{"learn":[565.0170927],"iteration":498,"passed_time":6.833724426,"remaining_time":1.383178691},
{"learn":[564.9874998],"iteration":499,"passed_time":6.849289138,"remaining_time":1.369857828},
{"learn":[564.9537791],"iteration":500,"passed_time":6.865069594,"remaining_time":1.356570638},
{"learn":[564.9159336],"iteration":501,"passed_time":6.878571124,"remaining_time":1.342828626},
{"learn":[564.88867],"iteration":502,"passed_time":6.89176667,"remaining_time":1.329028563},
{"learn":[564.8470552],"iteration":503,"passed_time":6.90619256,"remaining_time":1.31546525},
{"learn":[564.814757],"iteration":504,"passed_time":6.918763436,"remaining_time":1.301549557},
{"learn":[564.7761846],"iteration":505,"passed_time":6.933774895,"remaining_time":1.288092569},
{"learn":[564.7273423],"iteration":506,"passed_time":6.947831653,"remaining_time":1.274454327},
{"learn":[564.7188839],"iteration":507,"passed_time":6.96155425,"remaining_time":1.260753919},
{"learn":[564.6810977],"iteration":508,"passed_time":6.976257188,"remaining_time":1.247228692},
{"learn":[564.6381235],"iteration":509,"passed_time":6.99005045,"remaining_time":1.233538315},
{"learn":[564.5877032],"iteration":510,"passed_time":7.005304385,"remaining_time":1.220101938},
{"learn":[564.5502553],"iteration":511,"passed_time":7.019447225,"remaining_time":1.206467492},
{"learn":[564.5403616],"iteration":512,"passed_time":7.033770054,"remaining_time":1.192861588},
{"learn":[564.4947786],"iteration":513,"passed_time":7.048762038,"remaining_time":1.179364855},
{"learn":[564.4307101],"iteration":514,"passed_time":7.062624852,"remaining_time":1.165675946},
{"learn":[564.3934702],"iteration":515,"passed_time":7.079099004,"remaining_time":1.152411466},
{"learn":[564.3828582],"iteration":516,"passed_time":7.09343098,"remaining_time":1.13879066},
{"learn":[564.3586302],"iteration":517,"passed_time":7.10711645,"remaining_time":1.125064766},
{"learn":[564.3491526],"iteration":518,"passed_time":7.120438482,"remaining_time":1.111282306},
{"learn":[564.3182856],"iteration":519,"passed_time":7.135130554,"remaining_time":1.097712393},
{"learn":[564.2554077],"iteration":520,"passed_time":7.151065892,"remaining_time":1.08432669},
{"learn":[564.2103573],"iteration":521,"passed_time":7.16691158,"remaining_time":1.070917822},
{"learn":[564.1554867],"iteration":522,"passed_time":7.182090496,"remaining_time":1.057401469},
{"learn":[564.1247298],"iteration":523,"passed_time":7.194291612,"remaining_time":1.043446875},
{"learn":[564.1145331],"iteration":524,"passed_time":7.208831108,"remaining_time":1.029833015},
{"learn":[564.0700248],"iteration":525,"passed_time":7.224603565,"remaining_time":1.016389095},
{"learn":[564.0352927],"iteration":526,"passed_time":7.238458441,"remaining_time":1.002670714},
{"learn":[563.9799212],"iteration":527,"passed_time":7.252172093,"remaining_time":0.9889325581},
{"learn":[563.9205265],"iteration":528,"passed_time":7.266306697,"remaining_time":0.9752509934},
{"learn":[563.8749296],"iteration":529,"passed_time":7.281492423,"remaining_time":0.9617065465},
{"learn":[563.8307055],"iteration":530,"passed_time":7.296542041,"remaining_time":0.9481382314},
{"learn":[563.8216903],"iteration":531,"passed_time":7.311371585,"remaining_time":0.9345362177},
{"learn":[563.7920767],"iteration":532,"passed_time":7.32523436,"remaining_time":0.9208080715},
{"learn":[563.7603678],"iteration":533,"passed_time":7.340395082,"remaining_time":0.9072398416},
{"learn":[563.7383681],"iteration":534,"passed_time":7.353845007,"remaining_time":0.8934578046},
{"learn":[563.6988247],"iteration":535,"passed_time":7.368230328,"remaining_time":0.8797886959},
{"learn":[563.6621966],"iteration":536,"passed_time":7.383711745,"remaining_time":0.866245512},
{"learn":[563.6312713],"iteration":537,"passed_time":7.398678535,"remaining_time":0.8526358163},
{"learn":[563.5936495],"iteration":538,"passed_time":7.41282408,"remaining_time":0.8389281426},
{"learn":[563.5258861],"iteration":539,"passed_time":7.426123117,"remaining_time":0.8251247908},
{"learn":[563.5184123],"iteration":540,"passed_time":7.439402528,"remaining_time":0.811321163},
{"learn":[563.4625722],"iteration":541,"passed_time":7.454961948,"remaining_time":0.7977634557},
{"learn":[563.4266989],"iteration":542,"passed_time":7.469926237,"remaining_time":0.7841359033},
{"learn":[563.383669],"iteration":543,"passed_time":7.486153917,"remaining_time":0.7706334915},
{"learn":[563.3313431],"iteration":544,"passed_time":7.500437851,"remaining_time":0.7569249208},
{"learn":[563.3225557],"iteration":545,"passed_time":7.514784792,"remaining_time":0.743220474},
{"learn":[563.2865987],"iteration":546,"passed_time":7.52928659,"remaining_time":0.7295286824},
{"learn":[563.2619639],"iteration":547,"passed_time":7.542145519,"remaining_time":0.715678042},
{"learn":[563.2236889],"iteration":548,"passed_time":7.556227827,"remaining_time":0.7019446615},
{"learn":[563.1837591],"iteration":549,"passed_time":7.57018842,"remaining_time":0.6881989473},
{"learn":[563.1193785],"iteration":550,"passed_time":7.582372496,"remaining_time":0.6742944688},
{"learn":[563.0962828],"iteration":551,"passed_time":7.596800808,"remaining_time":0.6605913746},
{"learn":[563.0551029],"iteration":552,"passed_time":7.611272215,"remaining_time":0.6468893202},
{"learn":[563.0194813],"iteration":553,"passed_time":7.625903034,"remaining_time":0.6331977249},
{"learn":[562.9859569],"iteration":554,"passed_time":7.639260608,"remaining_time":0.6193995088},
{"learn":[562.9561407],"iteration":555,"passed_time":7.652402719,"remaining_time":0.6055858267},
{"learn":[562.9171776],"iteration":556,"passed_time":7.666917848,"remaining_time":0.591880552},
{"learn":[562.8776343],"iteration":557,"passed_time":7.679809343,"remaining_time":0.5780501656},
{"learn":[562.8501362],"iteration":558,"passed_time":7.692311969,"remaining_time":0.5641946167},
{"learn":[562.7955293],"iteration":559,"passed_time":7.705602827,"remaining_time":0.550400202},
{"learn":[562.7628183],"iteration":560,"passed_time":7.718594567,"remaining_time":0.536586788},
{"learn":[562.6987827],"iteration":561,"passed_time":7.730565981,"remaining_time":0.5227073084},
{"learn":[562.6372689],"iteration":562,"passed_time":7.743608048,"remaining_time":0.5089049694},
{"learn":[562.6094908],"iteration":563,"passed_time":7.756157614,"remaining_time":0.4950738902},
{"learn":[562.569881],"iteration":564,"passed_time":7.769823489,"remaining_time":0.4813164993},
{"learn":[562.5629464],"iteration":565,"passed_time":7.782547342,"remaining_time":0.4675028439},
{"learn":[562.5296317],"iteration":566,"passed_time":7.796989761,"remaining_time":0.4537930549},
{"learn":[562.4997352],"iteration":567,"passed_time":7.810338665,"remaining_time":0.4400190797},
{"learn":[562.446648],"iteration":568,"passed_time":7.822970493,"remaining_time":0.4262075312},
{"learn":[562.4211307],"iteration":569,"passed_time":7.837000709,"remaining_time":0.4124737215},
{"learn":[562.3941696],"iteration":570,"passed_time":7.850518853,"remaining_time":0.3987128664},
{"learn":[562.365686],"iteration":571,"passed_time":7.864382946,"remaining_time":0.3849697945},
{"learn":[562.3059615],"iteration":572,"passed_time":7.878081447,"remaining_time":0.3712184975},
{"learn":[562.2588289],"iteration":573,"passed_time":7.892187901,"remaining_time":0.3574858631},
{"learn":[562.222141],"iteration":574,"passed_time":7.906794924,"remaining_time":0.3437736924},
{"learn":[562.1678119],"iteration":575,"passed_time":7.919850773,"remaining_time":0.3299937822},
{"learn":[562.1387008],"iteration":576,"passed_time":7.933943626,"remaining_time":0.3162577182},
{"learn":[562.1141086],"iteration":577,"passed_time":7.948535213,"remaining_time":0.3025394026},
{"learn":[562.0805204],"iteration":578,"passed_time":7.963002851,"remaining_time":0.2888135749},
{"learn":[562.0315376],"iteration":579,"passed_time":7.976270315,"remaining_time":0.275043804},
{"learn":[561.9650308],"iteration":580,"passed_time":7.989633893,"remaining_time":0.2612789053},
{"learn":[561.9337756],"iteration":581,"passed_time":8.004084992,"remaining_time":0.2475490204},
{"learn":[561.899206],"iteration":582,"passed_time":8.018740148,"remaining_time":0.2338226115},
{"learn":[561.8713843],"iteration":583,"passed_time":8.032223146,"remaining_time":0.2200609081},
{"learn":[561.8186803],"iteration":584,"passed_time":8.046343282,"remaining_time":0.2063164944},
{"learn":[561.7969596],"iteration":585,"passed_time":8.061044857,"remaining_time":0.1925846894},
{"learn":[561.7547491],"iteration":586,"passed_time":8.073945282,"remaining_time":0.1788096911},
{"learn":[561.7483236],"iteration":587,"passed_time":8.086851071,"remaining_time":0.165037777},
{"learn":[561.7257908],"iteration":588,"passed_time":8.101183673,"remaining_time":0.1512954506},
{"learn":[561.6972139],"iteration":589,"passed_time":8.114948574,"remaining_time":0.1375415013},
{"learn":[561.6727763],"iteration":590,"passed_time":8.12937479,"remaining_time":0.1237975856},
{"learn":[561.6104581],"iteration":591,"passed_time":8.142399607,"remaining_time":0.1100324271},
{"learn":[561.5899592],"iteration":592,"passed_time":8.157976387,"remaining_time":0.09629988989},
{"learn":[561.553768],"iteration":593,"passed_time":8.170942406,"remaining_time":0.08253477178},
{"learn":[561.530582],"iteration":594,"passed_time":8.184848111,"remaining_time":0.06878023623},
{"learn":[561.4964308],"iteration":595,"passed_time":8.198680625,"remaining_time":0.05502470218},
{"learn":[561.4415733],"iteration":596,"passed_time":8.211895199,"remaining_time":0.04126580502},
{"learn":[561.4072054],"iteration":597,"passed_time":8.225452415,"remaining_time":0.0275098743},
{"learn":[561.380725],"iteration":598,"passed_time":8.237973495,"remaining_time":0.01375287729},
{"learn":[561.3701531],"iteration":599,"passed_time":8.249784204,"remaining_time":0}
]}